CustomerID,Age,Gender,Tenure_Months,SubscriptionType,MonthlyBill,TotalUsageGB
1,69,Male,14,Premium,100.87654007935653,939.1444856383991
2,32,Male,2,Standard,109.32171050967844,189.37144625958197
3,89,Female,70,Basic,39.41469795805487,626.5258692074426
4,78,Male,17,Basic,95.33963509246381,230.4493183318541
5,38,Male,28,Premium,115.11849941671315,314.1442528510582
6,41,Male,66,Premium,50.07855648012725,550.9939563108431
7,20,Male,35,Premium,123.67580609106686,423.0214843789307
8,39,Female,5,Standard,100.0527336616934,168.62334496674123
9,70,Male,65,Basic,144.26661428371136,179.2270383966398
10,19,Male,40,Premium,35.090675784827006,423.96334028117167
11,47,Male,56,Standard,61.83913650665603,759.7101484927457
12,55,Male,36,Standard,102.18646551597888,898.9850003793107
13,19,Female,45,Standard,65.58718946471168,93.286385636789
14,81,Female,23,Premium,115.73089968854906,399.17286848380706
15,77,Male,47,Premium,121.08063390263172,109.24310808564786
16,38,Male,31,Basic,42.30191568797693,26.426555826271905
17,50,Male,11,Basic,91.66253570481213,665.101495817517
18,75,Male,10,Premium,91.06686667092671,606.4249475469219
19,39,Male,67,Standard,74.31369242586493,171.38892267673734
20,66,Male,14,Standard,141.95098350836065,241.47470476213346
21,76,Female,10,Standard,129.30075838478655,33.47067610807319
22,59,Male,1,Basic,113.66512582915641,836.5977336374597
23,77,Female,5,Standard,115.71919628819971,974.943690088066
24,32,Female,20,Basic,85.4059372575743,144.1049414267439
25,79,Male,8,Basic,140.5193425315891,239.16046162764513
26,79,Female,43,Standard,113.35145127039425,869.7254287074647
27,64,Female,1,Standard,117.47772739869798,927.199159976623
28,79,Female,57,Premium,133.40290845448143,425.43110897874226
29,68,Female,64,Premium,62.88859072106292,60.116247546383384
30,72,Female,28,Standard,126.84850846400435,48.99791535589121
31,81,Female,37,Basic,53.428872354779045,578.2103674083203
32,20,Male,47,Basic,71.44103426938653,398.96615780424725
33,68,Female,37,Basic,70.27325451238113,38.36590330187797
34,24,Female,49,Basic,147.42305620669686,587.4198683894311
35,38,Female,44,Basic,132.78446684975123,21.189511223132246
36,56,Male,56,Premium,114.14038339083118,789.4982385677803
37,35,Female,28,Standard,117.24681139384681,313.36849447633784
38,21,Male,6,Premium,97.44873532830853,49.85542297913978
39,77,Female,61,Basic,143.6508800530223,592.4686987733218
40,31,Male,20,Basic,89.55105034588338,403.7075702887241
41,26,Male,2,Basic,75.66212518438735,974.062409223578
42,70,Female,37,Basic,49.56424043179092,548.7566758786652
43,19,Female,20,Standard,124.34467827132696,282.4867892266382
44,77,Male,26,Basic,118.13327184907098,712.3444759876351
45,88,Female,29,Standard,76.12260462289618,278.7770825172842
46,61,Male,1,Basic,33.02320967510752,905.2008584934895
47,25,Male,35,Standard,130.6796793261613,380.97475080230265
48,64,Male,70,Premium,31.370158014488837,554.3698771484432
49,52,Male,59,Basic,114.44397355548611,60.06737278598657
50,53,Male,69,Standard,146.43085316712683,431.8600255727085
51,67,Female,33,Premium,82.51935937778441,834.039904264385
52,21,Male,51,Basic,58.19680859951433,807.5923173097085
53,19,Male,12,Basic,114.5845212052058,232.075373264991
54,23,Female,20,Basic,128.0553770418702,233.81828030045705
55,71,Male,53,Standard,95.57163792934168,819.1322590911044
56,21,Female,43,Standard,146.04423303073753,931.0944359676322
57,71,Female,50,Premium,36.20024659895533,104.40731206027351
58,80,Female,29,Standard,90.57547179654338,455.558053031963
59,35,Male,57,Standard,116.21447367870601,344.0797361745867
60,61,Male,39,Basic,133.51685653790148,871.981570902865
61,51,Male,56,Basic,51.51067342893481,92.68966553321859
62,79,Female,43,Basic,126.00041781164177,219.01468313245704
63,31,Male,50,Basic,96.32484908622543,754.9436542106293
64,65,Female,23,Basic,77.5864418387956,60.780910491403425
65,32,Male,44,Basic,45.80580342949123,497.6100269071464
66,89,Female,38,Basic,133.8354910690695,447.6859643329228
67,79,Male,23,Premium,48.87278498156584,341.0571671988612
68,57,Male,45,Premium,67.17454310509191,400.62659216573456
69,70,Male,52,Premium,64.80546383549242,534.6411810609306
70,41,Female,50,Premium,134.5696841029025,169.7536848044993
71,43,Female,8,Basic,110.72435930506776,576.2759195007568
72,77,Male,1,Premium,125.60176766296468,807.3780060069864
73,58,Male,8,Basic,60.05614785509988,762.5593204922575
74,46,Female,29,Premium,104.98489195283987,162.36090564683593
75,32,Female,5,Standard,98.60951797724984,157.75697504405917
76,62,Female,47,Premium,129.93964521459253,275.4926240674642
77,82,Male,34,Premium,138.73044725775128,367.46397907762685
78,88,Female,65,Basic,31.458812577286416,414.3710255943978
79,26,Male,55,Premium,110.88239028705512,682.9002446650118
80,18,Female,43,Standard,36.22029589436748,66.11362784417705
81,25,Male,30,Basic,95.86303980928271,44.32597718380572
82,80,Female,17,Basic,64.51592748524138,397.9914573144699
83,28,Female,26,Premium,66.81319194265694,700.1920552166007
84,25,Female,8,Basic,72.35502041428279,201.50098952691775
85,52,Female,47,Basic,104.55509388595321,645.0894364436892
86,52,Female,46,Basic,70.08599588025231,267.22985656089645
87,50,Male,68,Basic,117.92388607083365,887.2252477253812
88,22,Female,33,Basic,78.54328626886436,896.7330448239503
89,58,Female,1,Basic,38.20238403719503,304.3143322385132
90,45,Female,19,Standard,124.05118109809287,237.6938164236081
91,24,Male,31,Premium,64.29099895112472,417.19093234556897
92,89,Female,14,Standard,81.93202555191152,248.12626932834723
93,29,Male,53,Basic,112.25326598662818,675.6600048587866
94,51,Female,48,Basic,69.89473885784544,827.8040377028027
95,50,Female,69,Premium,36.790278737605874,676.3612096021049
96,65,Male,62,Standard,74.87052564153763,826.1069427768559
97,40,Female,66,Premium,143.33382992331642,403.0222405853994
98,79,Male,64,Standard,107.00812767582698,164.75380100177225
99,54,Male,70,Basic,110.57749784006484,740.5714379236163
100,61,Female,63,Premium,105.87385843651678,366.86976009013836
101,52,Male,33,Premium,53.87905667513242,674.5581169768412
102,82,Female,41,Basic,80.20006369227362,277.937502561948
103,64,Female,48,Premium,120.1127758035982,90.41733845860594
104,20,Male,13,Standard,42.164747706379096,992.6559775328857
105,18,Male,31,Standard,63.34233313076547,164.63949285129328
106,22,Male,68,Standard,63.15829301590243,988.5367840238463
107,31,Male,4,Standard,81.84227131134071,977.5071332407829
108,44,Female,19,Basic,147.6442489130622,795.8799228689593
109,26,Female,70,Premium,38.10030560205863,662.8287324611777
110,32,Male,13,Standard,92.2441193256714,582.0289797485739
111,59,Female,23,Basic,51.52376184146526,867.4405299240564
112,68,Female,1,Premium,146.4811854491693,296.54512640329307
113,80,Female,54,Premium,43.5964205672957,473.0044003600283
114,69,Female,71,Basic,78.43212028339096,623.1960696728369
115,21,Male,15,Basic,118.54619818015274,417.0785711107962
116,40,Male,65,Standard,114.54653136329344,433.21158954936527
117,32,Female,71,Premium,80.72743642727187,336.9818208270636
118,60,Male,15,Premium,71.58290015432618,568.5894985176907
119,46,Male,21,Basic,77.71348542634448,852.0687827349649
120,53,Male,19,Premium,61.71315157903671,209.5130942262497
121,30,Female,60,Standard,54.63995264481598,935.088708365907
122,49,Female,33,Premium,87.9647637070668,692.1967772107473
123,88,Female,49,Basic,62.22405072811288,825.0404805532298
124,76,Male,35,Basic,64.49539978767001,560.6287857037115
125,45,Female,44,Standard,108.81072761694685,781.7215344098229
126,83,Female,11,Standard,146.22447980398707,26.038393366072537
127,59,Male,66,Premium,102.43646406712502,820.1966205317399
128,62,Female,46,Premium,39.237536047795956,49.737470494512856
129,79,Female,9,Basic,39.070033662488036,891.0142425992339
130,74,Male,3,Standard,144.17078650146792,992.0431197662568
131,23,Male,26,Standard,65.67489483688004,301.12678755501
132,45,Male,48,Standard,41.048038329897054,218.21537072293572
133,45,Female,66,Premium,101.88535045804579,767.7097302194603
134,61,Female,70,Standard,104.83785339483194,260.49607751105066
135,47,Female,28,Basic,107.82057841424258,866.9067593404815
136,79,Male,26,Basic,62.08824334290496,111.81416623590194
137,79,Male,25,Premium,31.813282105737002,134.6956444155647
138,18,Female,12,Premium,145.8018443345366,979.3600395496094
139,44,Female,5,Standard,60.1071654829323,677.1005092873046
140,79,Male,48,Premium,111.1231545663057,848.4183521846633
141,20,Male,37,Basic,114.79558438544515,331.08608357800284
142,87,Male,44,Standard,103.20089004953829,679.7189120253984
143,89,Male,15,Basic,67.54888730563778,598.2994090355112
144,44,Female,43,Standard,62.53155045168789,607.1186189217175
145,26,Male,48,Premium,101.72019392432438,685.7071349423444
146,79,Female,70,Standard,133.931476033403,579.6055813978076
147,54,Female,46,Standard,143.60804747080746,434.7717456096393
148,68,Female,43,Basic,42.708696528450915,283.16346743674137
149,61,Male,21,Basic,48.57943351172638,770.89551760407
150,41,Male,23,Standard,143.36835105396955,234.00970570315434
151,76,Male,47,Premium,118.3842274001751,695.43076309287
152,49,Male,15,Premium,135.95925897957278,240.99949442283338
153,69,Female,25,Basic,54.31591609624118,629.0768682549094
154,79,Male,36,Premium,100.51030453312822,749.6074844577387
155,75,Male,51,Basic,114.13675133009684,226.5267500174738
156,69,Female,15,Premium,111.61342625363672,69.3438678526952
157,29,Male,68,Standard,78.97820290400378,139.66400556423233
158,56,Female,21,Basic,31.847387002957017,609.9369975983152
159,19,Female,13,Basic,99.95112681651158,850.9519421634782
160,20,Female,19,Standard,60.37218470155305,54.54685302307012
161,73,Female,34,Basic,84.03050953714684,736.8097464512298
162,76,Female,68,Premium,144.90972181005807,347.9054594905516
163,19,Female,52,Premium,77.88423811709217,483.7430862203273
164,19,Female,27,Basic,130.7761927997312,929.5709543471099
165,71,Female,29,Premium,52.624872689910134,338.651789688487
166,18,Male,28,Basic,110.69525976300346,470.6835646000912
167,36,Male,35,Standard,147.2408345326732,23.545590613074296
168,19,Male,8,Basic,42.22717210475241,90.78273280478999
169,70,Male,16,Standard,30.99839306726304,266.0056752234362
170,61,Female,36,Premium,82.02993511591373,37.573718412863656
171,49,Male,30,Standard,41.11505796616406,635.0615727877685
172,87,Female,18,Premium,119.80612196114777,432.1343732336063
173,49,Male,2,Basic,139.74583966182706,552.6637507007418
174,85,Male,49,Premium,82.08251672505105,182.90071403736624
175,72,Male,4,Basic,61.04539705865292,302.97270914225
176,73,Female,7,Basic,82.12839828079316,667.1862301041979
177,34,Male,39,Standard,116.81373814200012,965.6496963940958
178,55,Female,13,Standard,31.086499389644516,59.91260586618711
179,41,Female,31,Standard,100.73447873816366,891.4804776467134
180,86,Male,71,Standard,103.59500218648549,581.1123892980963
181,87,Male,63,Premium,106.52258962751226,568.2803710880675
182,28,Male,56,Premium,59.042649597705264,505.2757498556827
183,33,Female,42,Premium,115.68632680537522,78.70014504514155
184,76,Male,61,Basic,40.96697835981317,98.97808321879906
185,87,Female,42,Premium,53.91244037601609,604.9028856024952
186,20,Female,56,Premium,135.29640559853783,347.5489857212027
187,37,Male,36,Premium,118.64677808718797,918.0953859119039
188,76,Male,68,Standard,31.64946648136143,412.52463198587753
189,53,Female,7,Premium,59.80515124437602,151.84864411561466
190,36,Female,54,Basic,55.72877795917975,717.5716451670156
191,84,Female,1,Standard,62.49675936443671,300.41988722659977
192,36,Male,44,Basic,59.707172433586365,530.2156042823342
193,37,Female,45,Premium,37.50315548914149,700.8544576501183
194,88,Male,47,Standard,85.07286199161844,901.2614700900497
195,69,Female,13,Basic,117.92801697433981,794.2692828536593
196,50,Female,22,Premium,102.80780696609237,679.5974571939969
197,57,Male,21,Basic,110.74460023176957,682.8368505711921
198,56,Female,9,Basic,39.7379014243487,946.4653975917656
199,18,Male,26,Basic,144.17888522121447,302.86585652157066
200,28,Male,9,Premium,130.61902006116298,11.100973254225533
201,74,Female,15,Premium,126.61083821947952,279.2350138042167
202,67,Male,10,Basic,128.7580566050121,225.71246583047656
203,40,Male,42,Standard,141.92526097593137,665.2162392628582
204,48,Female,24,Standard,95.31047593364373,637.3744837678737
205,59,Male,49,Premium,54.033842144115106,597.5267688776765
206,24,Male,26,Premium,104.01403294230494,26.081008777359163
207,33,Male,37,Premium,119.14577924015268,731.4902739061409
208,77,Female,68,Premium,118.55008720248304,330.2951083606366
209,19,Male,50,Premium,92.57388290002561,668.4054291165647
210,18,Female,24,Standard,38.215046320029366,561.0126442171318
211,65,Female,19,Premium,74.53355261161533,349.3036161736281
212,29,Male,60,Basic,140.49199301560287,143.23050443306667
213,86,Male,39,Basic,100.13386917089112,103.47470868387614
214,54,Male,18,Standard,94.59983319068562,833.2031497811013
215,49,Female,19,Basic,62.26242172586322,919.2135666607425
216,26,Male,36,Standard,74.21387038998947,653.2901662966566
217,36,Male,55,Standard,137.44153069838032,112.39977371187854
218,65,Male,69,Basic,109.97556570322028,408.00694471935833
219,20,Male,47,Premium,124.48644321027994,731.6498081041057
220,37,Male,49,Basic,84.52145076811861,782.0226751699674
221,41,Female,33,Basic,105.62966633473894,127.03643606817771
222,71,Female,21,Standard,59.806033049184904,10.030411656928592
223,50,Male,22,Basic,114.65529963401835,715.015675421799
224,41,Male,48,Standard,81.31216004440049,363.03021422634356
225,89,Male,37,Premium,83.10546177776948,261.9365183020776
226,53,Male,15,Premium,107.9186789492258,22.768495091630186
227,55,Female,35,Premium,142.3536745762712,544.8964126938847
228,42,Male,71,Basic,37.68076159303451,852.639228071722
229,35,Female,32,Standard,128.9691884816409,958.055329809862
230,83,Female,11,Premium,65.08597324946317,570.0875011071563
231,71,Male,10,Standard,83.27033454076533,519.3167144624952
232,52,Female,57,Standard,32.62959945300108,94.2058216343487
233,78,Female,25,Premium,66.12552934011757,553.3840735271738
234,58,Female,2,Premium,90.31574911561566,386.1792881757407
235,50,Female,64,Standard,36.74112928169268,611.0639280747412
236,85,Male,35,Premium,88.93148752597982,394.8390843977812
237,50,Male,7,Standard,141.25327546301128,247.89613221586308
238,31,Female,18,Standard,42.64718617293663,104.01562247609273
239,38,Male,67,Premium,121.73288736906052,321.76926014300676
240,65,Male,42,Basic,79.16052640511911,105.67838594487476
241,37,Male,39,Premium,108.62084574292057,185.1279813157441
242,25,Male,41,Basic,61.228391758227524,987.4627969937504
243,24,Male,24,Standard,49.139071504963,449.66252133755245
244,84,Female,60,Standard,49.25551371254717,536.5530488399664
245,34,Male,46,Basic,38.45903347717736,874.8823434498432
246,50,Male,19,Standard,52.27760458814916,995.6132114857809
247,65,Male,68,Basic,109.7063261986762,586.8873048512347
248,76,Male,42,Basic,135.80287342122097,814.3490828337299
249,39,Female,32,Standard,127.69508227093942,333.6716140933085
250,47,Female,39,Basic,112.21611718493808,312.6865178728182
251,55,Female,36,Premium,43.25182360933232,408.6766837846146
252,68,Female,36,Premium,64.70249355551398,675.7821900469127
253,71,Male,3,Standard,67.17682503869628,685.3697723625478
254,25,Female,8,Standard,59.99483356771455,322.0870403029563
255,44,Male,70,Basic,91.80067916516677,141.8778248952624
256,44,Male,41,Basic,94.2664577855607,636.0722939008534
257,38,Male,68,Basic,72.82631702053322,137.0426035668769
258,47,Male,13,Basic,72.45469904837232,582.7075831470368
259,45,Male,49,Premium,129.42667174872975,696.4879067757458
260,81,Female,60,Premium,124.71514179836227,703.6053814305071
261,86,Female,2,Standard,66.93549980168947,755.9373895530008
262,78,Female,60,Basic,139.65461326479112,874.1308273500078
263,65,Female,5,Basic,144.33780204030074,504.95940204514056
264,36,Male,44,Standard,69.2091050436049,732.9466976342754
265,21,Female,27,Basic,72.53099385516659,622.9810080121783
266,52,Male,32,Basic,90.67609841063506,194.77354039970575
267,81,Female,21,Basic,142.93449750404082,35.43274842071409
268,66,Male,8,Basic,135.15833197707738,291.6959718201644
269,34,Male,50,Basic,42.30815551003077,448.6033692742432
270,61,Female,67,Standard,77.12768919256995,620.9348849843698
271,47,Male,44,Basic,96.40454276997262,851.4597371981733
272,63,Male,58,Standard,90.3758967061848,204.283259539104
273,23,Female,3,Basic,53.26356815242712,134.29429199949232
274,54,Male,70,Premium,133.05801254017857,963.8451479995842
275,41,Female,2,Premium,111.23289395962048,116.96411378264304
276,63,Female,44,Premium,130.54900498221645,483.70615940611725
277,70,Female,2,Premium,133.05171352193668,589.7080915053689
278,77,Male,35,Standard,119.80270243988878,545.9606766983638
279,80,Male,30,Standard,82.70527214996608,95.17183546261377
280,49,Male,8,Basic,103.26561060185095,66.45664486358316
281,50,Female,22,Premium,49.24384873436918,114.42859318642532
282,84,Male,44,Standard,110.83745009698892,589.7318070338864
283,35,Female,58,Basic,51.51039068871369,548.9014387579779
284,42,Female,36,Basic,113.27395086121882,241.4033841163768
285,71,Male,69,Standard,57.55177929047624,641.3964004271356
286,75,Female,31,Premium,44.1061560180264,821.8668270350929
287,84,Male,47,Basic,49.834138817154894,51.16317024812783
288,63,Male,55,Premium,30.239056226288433,503.148644112562
289,41,Male,62,Premium,116.24875414242364,692.4173079816634
290,49,Male,30,Premium,117.88812588700549,259.7888077989902
291,64,Male,55,Basic,91.79200198959114,314.6931962402176
292,40,Female,16,Premium,49.36353612664604,617.50152395949
293,83,Female,12,Basic,40.02652050128277,898.9559405092996
294,44,Female,17,Premium,32.29547597247444,811.8251760998703
295,19,Male,16,Basic,49.88978123582648,587.2989169085877
296,34,Male,12,Premium,136.90266419797763,732.9195005796768
297,50,Male,8,Standard,58.98442100420181,371.1742455057207
298,26,Female,3,Premium,72.51255926606588,644.5558728177701
299,60,Male,16,Premium,42.64145813775998,471.5197752162814
300,65,Female,30,Basic,56.683356569780436,198.0367750929853
301,56,Female,23,Basic,92.30694849362462,704.7208911384846
302,59,Male,5,Premium,102.9303219714783,560.8999909753338
303,43,Male,65,Standard,59.44227769994533,365.0353661340555
304,67,Female,30,Standard,36.927859107014065,912.2257981778445
305,42,Male,21,Basic,76.92394429528784,30.724776648465934
306,41,Female,70,Standard,58.1044045111601,322.61541973700105
307,30,Male,22,Premium,56.34647078757624,66.31258379987008
308,77,Male,32,Basic,145.18353632561463,768.8620430594109
309,24,Female,33,Premium,103.95605831108689,705.0863795726547
310,74,Male,16,Basic,96.82541318065151,338.03869654895385
311,53,Female,38,Basic,79.89301242279863,678.9062731850023
312,62,Male,14,Basic,81.47332001161732,401.97785393399033
313,37,Female,36,Basic,94.9086004605697,758.69125350821
314,82,Female,23,Standard,113.57157684433287,459.64182610933904
315,25,Male,66,Premium,114.25753154181953,418.1569305533489
316,33,Female,2,Premium,50.603268924653946,935.382616333418
317,31,Male,65,Premium,90.01353024919524,258.37030889179323
318,32,Male,67,Basic,79.43497140409224,129.24286659659975
319,83,Male,52,Standard,134.4632359523261,588.6976821268636
320,49,Female,62,Premium,105.77027054620517,969.6285941613371
321,80,Female,23,Standard,93.90048796991782,384.0608215899148
322,68,Male,26,Basic,43.847357061470085,71.4163959924937
323,42,Male,68,Premium,102.67654671880938,345.9122146364718
324,75,Female,55,Standard,44.064468681628014,510.8723377763629
325,80,Male,6,Basic,70.46478906789025,170.30377656589158
326,79,Male,35,Standard,47.14103577771982,661.5211958759271
327,39,Female,22,Premium,113.04883764292427,997.7718951200986
328,75,Male,43,Premium,54.750253660338316,457.22208122162937
329,75,Female,15,Basic,77.02312478256312,361.1812711629105
330,66,Male,60,Basic,137.48097331425345,406.69712516612196
331,69,Female,12,Basic,54.51796600787644,123.99471661124913
332,59,Male,49,Standard,90.9366076750535,884.4408654119616
333,87,Male,42,Standard,80.31259933992264,420.67739896613847
334,32,Female,38,Standard,32.17488492548757,393.4016673105929
335,71,Male,45,Basic,125.13097362873754,663.0933702011696
336,77,Female,35,Premium,38.28550875775197,447.6130867218123
337,25,Male,30,Premium,86.91060251723442,651.7511341197676
338,70,Female,30,Standard,97.281395392674,70.83182722947963
339,77,Female,6,Standard,105.41117479375045,815.5861102850051
340,22,Female,67,Premium,112.63579551694507,941.0989133506085
341,85,Female,7,Premium,60.39268602272581,652.2777322977921
342,23,Male,52,Standard,31.197453199013925,955.0202695702227
343,64,Male,14,Standard,116.81323948258944,159.91799122626367
344,72,Female,15,Premium,94.27879192170943,482.6420275855502
345,57,Female,21,Basic,130.33412438486985,605.7886666059928
346,69,Female,35,Standard,128.56660354808332,585.9192809469748
347,33,Male,66,Premium,131.19914013454598,407.4471612981528
348,30,Male,2,Premium,88.21135919754482,344.7035652725988
349,47,Male,35,Premium,70.03540750042387,135.55578232491462
350,36,Male,20,Premium,124.9869843109644,397.8250260566554
351,34,Female,10,Basic,84.15529356351058,171.0342069544303
352,80,Female,25,Premium,52.01306356841214,737.0220197272962
353,36,Female,66,Standard,132.59688234737692,216.74262613964407
354,75,Male,25,Basic,135.90718521268167,67.9796522316885
355,72,Male,54,Premium,85.95717073682042,556.842476439062
356,79,Male,33,Basic,39.083967277174494,599.2774353922076
357,40,Female,36,Standard,76.53913079003175,873.1939306677004
358,26,Female,14,Premium,126.4245191355124,581.211796293505
359,29,Male,65,Standard,138.21288342554743,352.02604518621126
360,18,Female,54,Premium,54.4167290997115,804.9817627110573
361,75,Male,52,Premium,38.036833443032585,544.8761042555468
362,18,Male,3,Premium,135.28205437594065,88.48748178487983
363,51,Female,41,Premium,76.72859267746503,570.1920547101142
364,65,Male,6,Premium,95.01131571210759,908.9383599674458
365,18,Female,25,Basic,146.16789744609108,402.34949924323837
366,33,Male,13,Premium,37.98776734970674,303.3625438808021
367,78,Female,8,Premium,107.79816089425147,152.03476244783985
368,81,Female,21,Basic,38.89265070898405,159.93106671600376
369,80,Female,68,Basic,75.05627141598004,438.4437694984007
370,86,Male,25,Basic,126.45774542321361,599.7230259199142
371,39,Male,68,Basic,82.01666793067614,89.80925111790573
372,84,Female,45,Basic,149.66188246835407,940.172903134914
373,43,Female,60,Basic,97.08711419359226,757.5822812707439
374,33,Male,12,Premium,68.53945831631441,590.7576791008261
375,68,Male,32,Premium,56.413359108570376,830.1542842296009
376,74,Male,13,Standard,72.06246411433942,89.38488924399216
377,46,Female,31,Premium,74.7039928511461,482.07048895579317
378,86,Male,20,Premium,38.245641326875315,633.7921955930468
379,64,Male,18,Basic,74.34890393121279,830.3663770571063
380,79,Female,60,Basic,85.70862236870698,785.634864448775
381,86,Male,63,Premium,116.72853026865656,284.29855721626564
382,33,Male,6,Standard,108.80753816659296,941.4713678636123
383,65,Male,32,Basic,115.05187862749851,133.10238301656165
384,56,Female,43,Premium,31.00364182522285,876.3822824349406
385,50,Female,2,Premium,56.120087949664324,971.2308471085723
386,40,Female,60,Standard,109.40211460798278,185.3819879903993
387,27,Female,23,Standard,88.07872418156965,724.8454035617474
388,86,Female,31,Basic,30.637617080201515,49.88266359021848
389,51,Female,5,Standard,126.53935709181869,411.3685968877634
390,69,Female,34,Premium,122.7371487948405,521.1204662056973
391,27,Male,10,Premium,95.81029955922752,584.8387736505377
392,36,Male,2,Standard,37.97559909315265,936.5778757660739
393,75,Female,11,Standard,121.98180594391016,675.5281804212527
394,18,Male,50,Standard,100.04563052776368,486.46517170704465
395,86,Male,31,Standard,123.8351972589551,811.5782859032304
396,21,Female,56,Basic,120.20963908750085,951.0274927448648
397,33,Male,9,Standard,126.36024863494046,31.845487195467935
398,41,Male,21,Basic,92.16096796855498,982.6960595334783
399,19,Male,28,Premium,46.8389421832218,95.27081767304354
400,49,Male,62,Standard,110.53889680556264,816.2429114760737
401,41,Male,7,Basic,104.45685420623647,287.5314050258984
402,29,Female,16,Standard,119.07038246389047,140.85786117633302
403,67,Female,4,Premium,50.38572072608824,445.4570833166965
404,52,Female,4,Premium,53.397023988034704,647.5170136531374
405,50,Male,40,Premium,136.84914206631942,387.14232657324027
406,50,Female,17,Standard,119.9973358142485,64.01975419987197
407,78,Male,52,Standard,138.98741864403877,603.4665282621295
408,68,Male,52,Basic,121.04583853967048,903.379243349568
409,60,Male,36,Premium,101.65863671883622,389.3832122877792
410,29,Male,38,Standard,108.49592844334484,224.16944985451877
411,84,Female,50,Premium,136.6953508728012,448.15157247348725
412,82,Female,63,Premium,99.45681054143286,57.879083938293064
413,50,Male,63,Basic,105.88695891940648,822.2827086354721
414,57,Female,62,Basic,48.77720592043207,828.0774028406848
415,60,Male,7,Basic,86.87054641393232,592.1204587953322
416,61,Female,27,Basic,115.96765343497188,359.5718600490056
417,46,Female,14,Premium,62.51312379796385,801.7855308013255
418,30,Male,71,Basic,54.27050166294419,559.1401545404835
419,29,Female,5,Basic,67.65921698692986,827.672985464516
420,63,Male,55,Basic,58.98007535914002,635.1442046571905
421,19,Female,2,Basic,55.7895164443675,786.5614184806693
422,52,Male,62,Premium,80.98210114417043,602.5773632855824
423,25,Male,21,Basic,138.94062166602407,419.99965753350955
424,43,Female,21,Premium,90.8471576086462,958.3664013268761
425,51,Female,10,Standard,52.55044569783877,545.7026866300563
426,24,Male,58,Premium,39.236600325704885,609.038623355133
427,85,Female,39,Premium,113.53873741655103,228.28276302060175
428,75,Female,5,Basic,75.93585173236653,629.3942815330037
429,46,Male,65,Standard,128.61971359024312,575.8915729881144
430,53,Male,13,Standard,109.14129223689243,192.9900139675547
431,38,Female,53,Standard,125.54897406496423,68.99122637961227
432,53,Male,45,Standard,62.63352473021385,608.3157265176234
433,27,Male,32,Premium,113.08307069532698,766.0553466568173
434,41,Male,36,Standard,61.687438163246256,528.1673572127881
435,81,Female,60,Premium,142.688217534035,234.50489906644924
436,66,Female,11,Premium,106.36491378400493,669.8567569261046
437,53,Male,63,Premium,68.94141602104105,89.30466934350622
438,41,Female,21,Standard,62.341423475072716,447.4153677539351
439,40,Male,52,Basic,52.91119020859722,171.733090814436
440,79,Female,55,Basic,113.35691506724733,192.61446054928453
441,54,Male,26,Standard,56.245873559751274,210.2710096666216
442,29,Male,68,Basic,101.43639191129868,392.83998647353815
443,72,Female,34,Basic,61.75620323104288,60.63870356419365
444,30,Male,52,Premium,109.43627337526424,403.81550651980723
445,40,Female,52,Premium,127.7927674248647,516.5903726435538
446,47,Female,29,Standard,123.36302917735838,488.46134211666197
447,34,Male,38,Standard,121.3021597116938,388.95625939901015
448,79,Male,42,Basic,52.52668868307025,840.755141990045
449,30,Female,21,Premium,40.606193638142244,153.87342549629906
450,76,Male,42,Standard,113.87385941848628,510.63977634356024
451,36,Male,13,Standard,74.20166565532216,71.42100278698875
452,66,Male,64,Standard,81.88154716840168,80.44412208913064
453,29,Male,17,Standard,33.73789113520693,578.1271911803253
454,78,Male,9,Standard,61.1491739130059,570.3582406389428
455,36,Female,41,Standard,34.04116846493568,879.2531777160124
456,26,Female,1,Basic,135.5022927121497,562.2949389034725
457,88,Male,2,Premium,59.20760198622366,960.1931102008017
458,45,Male,60,Premium,96.88046034876096,58.20789991593047
459,69,Male,48,Standard,34.677518479335646,107.02760793293366
460,33,Female,29,Premium,110.02168695667896,53.625202954677576
461,86,Male,10,Premium,68.76328149049127,193.4240818302046
462,29,Female,58,Premium,137.7503024349199,545.8574098322613
463,42,Female,60,Standard,136.5741826720843,649.1164596131538
464,69,Female,21,Standard,69.03487420340974,55.12930636918211
465,70,Male,28,Premium,138.11530748285617,946.5111809471433
466,40,Female,34,Premium,149.53892081985344,843.7437228838772
467,33,Male,8,Standard,129.04987969487377,303.64635733552217
468,74,Female,59,Basic,131.38456173062747,86.41565492420328
469,56,Male,49,Premium,59.88104833309079,178.1882024868667
470,70,Female,17,Basic,99.20428786293076,135.67496961742296
471,59,Male,60,Premium,38.07070967608414,132.05094150595738
472,75,Female,45,Basic,41.390152418600366,523.3760717790766
473,56,Male,69,Basic,149.86711344399487,253.38896806846628
474,31,Male,32,Basic,69.19670993110931,364.558319363853
475,22,Male,44,Standard,119.78206944586157,989.6102800504792
476,52,Male,65,Basic,126.79980636321798,687.4711064360913
477,35,Female,8,Basic,132.9627925208675,949.4908603765314
478,26,Female,43,Basic,149.71539568825878,151.13098948278443
479,75,Male,1,Premium,58.979578230824146,388.3180800842436
480,34,Female,51,Basic,34.84209922316396,559.1844852495308
481,24,Male,24,Premium,79.34298215935031,85.99048126985063
482,63,Male,24,Basic,45.60968037947363,14.145569191678288
483,30,Female,17,Basic,32.691106699446614,673.7299904589484
484,57,Male,5,Standard,73.25121925697833,645.4013216334209
485,59,Male,20,Premium,124.04859012902837,416.68092189961567
486,26,Female,21,Basic,97.9416829470085,494.7476352717123
487,67,Male,58,Premium,67.53335870524248,421.2885705861687
488,44,Male,31,Premium,108.52104065912637,33.76499439643997
489,83,Male,11,Standard,57.84218163705729,342.0178901552878
490,22,Male,52,Standard,31.7257735286502,185.31143284331694
491,46,Female,15,Standard,121.72240637237128,107.43994721035506
492,54,Female,7,Standard,104.8491701836811,957.1532295504563
493,55,Female,28,Standard,121.4763149401152,603.3661277917439
494,25,Male,51,Standard,34.672562002519875,731.3697213942366
495,82,Male,58,Standard,130.45435533967827,322.21010583345634
496,34,Female,5,Standard,104.3431440043564,399.21565819907505
497,88,Male,5,Basic,97.60744208551682,244.55475395775625
498,62,Male,8,Premium,104.95368577374379,105.99601425577049
499,21,Male,64,Standard,133.7319896242037,187.24132106716795
500,53,Male,10,Standard,100.43238078706885,799.538904843521
501,87,Female,38,Premium,99.71404558658152,680.770347131938
502,48,Female,8,Basic,148.8814988478919,551.4595872256222
503,36,Female,25,Premium,120.80762004822816,480.3389741381004
504,78,Male,66,Premium,83.07525665413624,923.2099408195633
505,71,Female,50,Standard,114.88764000395133,82.00759830088172
506,56,Female,67,Premium,76.70765660301461,287.7948051055368
507,36,Male,49,Premium,57.46505549801988,356.4384750350069
508,56,Male,36,Standard,101.62222522653113,784.60155409066
509,84,Female,68,Standard,141.38185177367416,992.5894739603516
510,62,Female,41,Standard,141.49674240185553,248.26380960958153
511,30,Female,62,Standard,71.02863337265885,875.5642607957099
512,75,Female,10,Premium,93.3212959466034,832.3165328274733
513,37,Male,21,Premium,55.39630782838334,232.41082366534894
514,89,Female,36,Basic,149.475733139866,405.3392543972304
515,78,Female,12,Basic,147.73414894415228,415.57614059959394
516,56,Male,2,Premium,107.94107156489368,978.4384618412927
517,18,Female,13,Basic,126.5296871612968,189.08298236510933
518,20,Male,53,Premium,115.812019354044,801.1663913937342
519,79,Male,32,Basic,101.17898628473618,340.85078703137884
520,80,Male,16,Standard,36.40175963866773,733.5616423183988
521,42,Female,32,Basic,84.57172110631933,425.81089425270625
522,73,Female,32,Standard,110.97435626008927,582.5761654853746
523,50,Male,11,Standard,111.30379366604215,834.2856555928698
524,55,Female,10,Standard,74.77471421068603,806.1239093340453
525,23,Female,15,Standard,143.00303839896367,867.7589517043032
526,75,Male,17,Basic,50.08284386841372,69.02115209121243
527,61,Male,40,Premium,90.04313354586728,695.1300475093474
528,62,Female,18,Standard,112.90607718609874,148.58750295454524
529,49,Male,55,Basic,113.6562967070171,421.6603823382269
530,62,Female,25,Standard,107.83667481225787,553.1025309041415
531,78,Female,59,Basic,63.03458561422322,408.7120898993624
532,64,Female,22,Basic,48.744788242394634,524.4155590449774
533,38,Female,30,Basic,106.3128392192053,996.5610457106329
534,53,Male,44,Premium,101.91625393673253,143.86514057572617
535,36,Male,32,Basic,51.52272123470892,678.7014848830613
536,37,Male,51,Basic,114.6166974684676,402.0409567217591
537,74,Male,46,Premium,84.62063900803878,141.6797009182555
538,35,Female,21,Premium,110.13127099237835,167.14939574056643
539,64,Female,32,Basic,130.4840495724181,949.7803751831607
540,66,Male,39,Premium,50.36741142923078,880.8054817446445
541,31,Female,12,Standard,32.2973841596204,907.9715408108716
542,32,Female,47,Standard,123.49231036749441,991.6174480691127
543,48,Female,18,Premium,103.16369101831391,216.23223610843277
544,18,Male,21,Premium,113.95674835465461,361.8849439904211
545,71,Male,13,Basic,130.57859699863712,672.526839625618
546,20,Male,21,Premium,126.33731217894007,488.96451446204077
547,33,Female,8,Basic,145.31041763145896,424.2056380445502
548,74,Male,46,Standard,94.31220946225419,364.2331368422371
549,29,Male,7,Premium,88.61947591918864,597.8428256240177
550,33,Male,23,Basic,78.22646398688761,579.8374943536812
551,89,Male,22,Basic,48.44292514130454,169.84325572359768
552,41,Male,22,Standard,98.71286794584269,477.0224391432547
553,45,Male,29,Premium,63.24150291911745,557.9370584477514
554,25,Female,13,Standard,140.55690146555708,574.5840693440765
555,53,Female,2,Basic,99.9828965132517,218.00612098322827
556,25,Male,29,Basic,101.14082166097322,744.8486783297639
557,75,Male,52,Premium,72.5909593052412,34.94710387285894
558,77,Female,27,Basic,36.2387222373249,361.28353698773105
559,67,Female,50,Premium,33.809251844758634,782.4105220502772
560,45,Male,23,Standard,80.8002172983837,568.2539918448483
561,58,Male,44,Premium,40.14784537166854,268.55080818575163
562,81,Male,22,Premium,102.8216346648167,698.0035881496173
563,44,Male,43,Basic,135.7167606767589,571.7170347145127
564,80,Female,37,Basic,135.94977798224664,798.2811733618233
565,34,Male,61,Premium,109.08544921586788,737.6749343279251
566,50,Male,56,Basic,55.34781977675172,614.0068428158723
567,46,Male,3,Basic,133.55961976306463,493.29589855770587
568,30,Male,63,Basic,136.33121223758496,141.85030441084817
569,63,Female,19,Premium,53.598430194355046,268.71968770652995
570,52,Female,23,Basic,118.49113029248127,424.9084781879144
571,23,Female,29,Premium,64.38234587125476,603.3062941363248
572,86,Male,30,Basic,126.31683748235156,518.5707766631517
573,64,Male,39,Standard,149.66854798843232,295.30268069993417
574,42,Female,25,Basic,33.603120639527134,16.399714211813446
575,83,Male,8,Basic,137.68390389491185,501.2768296818058
576,27,Male,58,Premium,104.71566403183897,292.7697286766207
577,73,Female,16,Premium,146.80591429977852,737.2622177034298
578,47,Female,1,Basic,85.80114210317132,33.706802617778656
579,22,Female,5,Standard,131.68655166856485,588.979533192733
580,50,Female,3,Basic,37.487288231793265,942.0594951310047
581,82,Male,65,Basic,70.23348600939548,182.6651744403845
582,35,Male,4,Standard,38.0419845301452,476.93299584308943
583,66,Female,64,Premium,147.04117601748845,100.5077718989668
584,28,Male,10,Basic,128.0368688726204,629.425093138739
585,43,Female,21,Premium,132.30569054951644,555.0263637902633
586,80,Female,46,Premium,142.5558277720673,413.291868970704
587,76,Male,27,Standard,40.21241833437424,526.1632512590038
588,44,Female,66,Standard,76.2717111016,897.60891188432
589,66,Male,41,Premium,38.524186685280256,204.33135928795636
590,50,Male,13,Basic,55.295172186003434,32.33886658829376
591,18,Male,9,Premium,57.52389324452068,863.04823585211
592,38,Male,36,Basic,86.29286532570944,581.3459115640275
593,72,Female,58,Basic,62.22746009443711,891.751870907224
594,23,Male,54,Standard,42.11737281813133,600.9757711790409
595,86,Female,12,Basic,50.09893069129292,812.0594790601054
596,22,Female,14,Basic,47.67306762625091,435.3766297215965
597,20,Female,34,Premium,146.7692157494758,752.3613319753861
598,70,Female,53,Standard,121.11510083021683,913.9110522209575
599,40,Male,20,Basic,146.13137583234743,576.4017340849842
600,70,Male,16,Basic,82.76885838094903,188.97729905675575
601,54,Female,70,Standard,63.40421779951879,276.1096388798962
602,34,Female,56,Premium,125.7951836651024,206.65813112843173
603,18,Male,58,Standard,69.15047016493762,254.3884573197756
604,68,Female,4,Standard,65.9260048446418,313.351294857526
605,62,Male,4,Basic,57.90071906493974,559.5824488856566
606,21,Female,20,Basic,45.561477386908244,592.1117131691944
607,79,Male,10,Premium,60.775567322011916,432.2347497694425
608,82,Female,24,Basic,72.63836981686651,619.2665720226271
609,49,Female,26,Basic,110.87930497748765,90.75917635525227
610,51,Male,37,Standard,37.50778106633419,96.91035468757836
611,89,Female,54,Basic,55.26083275984115,180.11116575408187
612,56,Female,21,Premium,127.08283683500116,522.8967230599413
613,43,Male,38,Standard,47.630630830052496,221.85473191133042
614,51,Female,46,Premium,71.11741758270259,290.45155945765157
615,71,Male,4,Standard,133.75907062297682,406.3097078112641
616,20,Male,60,Basic,48.59103733721312,813.747462770276
617,67,Female,57,Standard,39.928420274182784,23.72351455373152
618,29,Female,45,Standard,88.1445594096013,652.8850320342561
619,82,Female,20,Basic,66.29034135342437,672.1877657302784
620,71,Female,17,Basic,97.6090037380625,800.6692225530702
621,22,Female,71,Premium,126.45658685801702,933.4254096697101
622,74,Female,4,Premium,46.45781857832918,29.93647045979693
623,34,Female,14,Basic,99.6838901465142,162.24586845808403
624,64,Male,3,Basic,90.66105124678367,887.3095811154332
625,40,Female,58,Basic,47.289454321583946,463.93337656514524
626,31,Male,55,Standard,104.87981826347789,568.9447325441289
627,83,Female,4,Standard,62.836850143292594,666.3969316859159
628,68,Female,24,Standard,88.5401182252815,682.275938450681
629,55,Male,34,Basic,39.87267891324743,932.4229992833431
630,81,Female,30,Premium,85.15008686563476,996.979923237553
631,55,Female,19,Basic,66.77561616513844,722.9558863216308
632,67,Male,31,Standard,128.6857453422425,294.3489971130993
633,47,Female,60,Standard,36.837447239684195,880.9548782714002
634,68,Female,60,Basic,80.2328729901996,58.72870539535399
635,80,Female,19,Basic,85.01177089577256,238.77004434575124
636,69,Male,49,Standard,117.00072915589425,898.4118602890777
637,55,Female,63,Standard,98.91450901082533,263.6295992949614
638,47,Female,22,Standard,110.06548046330172,228.444549025531
639,68,Female,24,Basic,123.24591427821073,146.74404020884478
640,22,Female,30,Standard,133.46435683898267,860.5206400704474
641,46,Male,58,Standard,67.66505960669646,505.05767659917586
642,21,Male,31,Premium,94.56272464366836,678.1442710236132
643,27,Female,64,Basic,130.81296941270398,246.67572023427937
644,73,Female,19,Premium,148.73413571580676,760.4600168011043
645,34,Male,48,Premium,136.74231732525158,762.4054895124775
646,34,Male,45,Standard,74.57607151492522,319.47204465921715
647,86,Female,55,Basic,53.41998206623805,416.57580668018
648,51,Male,55,Standard,88.72710448879064,217.59337465589886
649,23,Female,18,Basic,118.99697422032507,976.7954130896752
650,70,Male,63,Premium,89.10828849039571,649.1465512878275
651,83,Male,47,Basic,87.98170359764022,935.1984419083603
652,60,Male,57,Standard,130.58765052981607,310.35168819284183
653,40,Male,45,Standard,73.36845348806236,784.0720038669208
654,72,Female,33,Standard,133.17536097739747,768.2000574458946
655,33,Male,17,Basic,78.81657611420682,694.7390953478762
656,25,Male,70,Premium,69.38797268140073,965.9825855141324
657,21,Female,4,Premium,84.47878934396388,399.6197827452524
658,21,Male,20,Basic,121.49363504098422,139.41015035385973
659,73,Male,47,Standard,45.12024334367931,674.9917706516202
660,42,Female,15,Premium,53.57030590464208,732.0167024724341
661,84,Male,70,Standard,144.17337907957102,579.3099677242266
662,84,Female,47,Basic,51.05899528576288,214.7497142020623
663,44,Female,9,Standard,98.12727815172654,509.41138225266184
664,49,Female,16,Premium,99.51773599943255,319.0678392034381
665,67,Female,69,Premium,88.75493544602938,433.19186288502215
666,78,Male,61,Standard,107.36942982921823,648.7663900862173
667,68,Female,10,Basic,57.57920709571421,747.7625952639262
668,36,Male,50,Standard,96.31947213320979,239.9024439923297
669,38,Male,3,Basic,74.66079062962766,411.27210704048383
670,22,Male,70,Standard,109.40007115550269,276.4699552817129
671,59,Male,51,Premium,46.94682520477794,206.64529772325042
672,78,Male,19,Basic,98.50529002073715,785.55334779588
673,39,Male,42,Basic,52.232442645998844,910.1601674926225
674,38,Male,35,Basic,63.437167573804366,376.52986382773094
675,87,Male,46,Premium,56.24517603882999,753.7661351300292
676,18,Male,26,Standard,51.94053358425805,898.025336470767
677,22,Male,69,Premium,129.08531418728003,847.6629684249292
678,29,Female,64,Basic,64.28490811930683,190.98525465383364
679,63,Female,37,Standard,141.25485382373392,956.7289626982277
680,51,Female,49,Premium,146.3911830414229,382.90967602516787
681,66,Male,21,Basic,98.55125639245168,345.84825456209796
682,62,Female,64,Basic,47.16013471988717,71.80701400500253
683,44,Female,5,Premium,74.94578920554974,491.3119175638342
684,43,Female,70,Premium,125.72787160178568,117.92347948451942
685,64,Male,4,Premium,74.08688744364846,256.0544227181517
686,73,Male,39,Basic,40.44206619633465,323.77319554960854
687,80,Male,35,Premium,96.81418931138255,810.7380602567672
688,65,Male,1,Basic,131.41450217952416,876.7337638919375
689,78,Female,24,Premium,125.51116645722028,309.441654286855
690,43,Female,57,Basic,51.01477681564239,860.1111400321281
691,53,Female,70,Basic,110.731753729496,858.6586279960932
692,18,Female,41,Standard,56.46051161227766,767.0044408810248
693,25,Male,54,Premium,56.18490414626066,155.2281628750297
694,69,Male,46,Premium,134.88861279662223,693.4196184317217
695,64,Male,60,Basic,59.96027432882762,945.573823934763
696,73,Female,60,Basic,61.58968158216134,685.7150739794855
697,31,Male,57,Basic,30.078406891355947,338.30068061675564
698,45,Male,31,Standard,134.48028409506213,505.57352425652294
699,19,Female,24,Standard,125.11137758509616,649.2677929175431
700,43,Female,36,Basic,105.27947221088137,515.4647046412185
701,31,Male,30,Premium,120.03189167266108,128.75341231366014
702,76,Male,24,Premium,48.245828090939014,318.9434042055004
703,73,Male,30,Standard,84.99883135050905,804.3720702480962
704,24,Male,7,Standard,72.1463264818537,862.8038656345623
705,20,Male,35,Basic,41.25318315084198,145.92703238841452
706,40,Male,55,Premium,88.3356582257909,952.8628848747373
707,35,Female,14,Basic,140.48875804111623,335.5343916701232
708,55,Female,10,Standard,34.80709428608334,665.6906013434128
709,32,Female,16,Premium,64.97530961925526,754.3068944971143
710,81,Male,54,Premium,54.90491234468442,813.8267722915045
711,45,Female,70,Standard,58.57759843988356,946.2922052036708
712,56,Male,44,Basic,139.01214622552504,319.7903525485344
713,74,Male,45,Basic,86.16828650811482,859.9213900060389
714,34,Female,56,Premium,85.95592955277826,140.37003440184498
715,61,Male,57,Standard,121.26907709463387,707.9904972900569
716,42,Male,21,Premium,48.539064480591094,744.557952218846
717,34,Female,68,Standard,88.47184249200609,680.9460087893073
718,30,Female,50,Basic,81.59822569452717,259.79158877380144
719,42,Female,33,Standard,101.62928286559874,874.3127155450513
720,85,Male,7,Basic,149.94692439005263,177.16987873669106
721,27,Female,70,Standard,122.33386728984566,63.09844360562253
722,84,Female,15,Premium,77.74388436209126,720.290340705793
723,35,Male,32,Basic,129.30636627288564,480.7209580804064
724,51,Female,20,Premium,50.485003597497624,850.6070397590893
725,25,Female,15,Premium,33.655642357075216,389.5631696476764
726,57,Female,48,Basic,54.53380469571277,176.5958026226357
727,59,Male,71,Basic,70.84938673371116,838.077770545171
728,58,Male,21,Premium,91.26969089514719,553.420535323671
729,23,Male,42,Premium,103.81549686494398,197.30383446645135
730,69,Male,26,Premium,139.27268606573062,723.1801586005813
731,43,Female,14,Premium,91.18248114605493,516.0025021046056
732,81,Male,57,Basic,90.15307735508753,608.2698524179166
733,76,Male,37,Basic,36.02916117875785,466.28935482451607
734,73,Female,58,Premium,34.189386318746855,830.4218939798263
735,76,Female,21,Standard,96.13919542996464,831.2670885262194
736,87,Female,69,Standard,82.58143358980135,712.2949336061424
737,50,Male,3,Basic,130.70164739763584,114.34736362249765
738,70,Male,37,Premium,49.28155016542142,840.4653232850281
739,39,Male,49,Premium,32.99659945404595,674.3028507275807
740,38,Female,19,Basic,83.88465215161511,700.0539243442565
741,87,Female,12,Standard,58.497426810270895,369.3530119998329
742,87,Male,61,Standard,35.953724800660495,880.4867605954366
743,21,Female,41,Standard,116.95179442171548,728.1178842325089
744,79,Female,33,Basic,43.391159994869696,121.46456186390252
745,79,Female,50,Standard,102.9983400009326,413.70025406210107
746,41,Male,68,Basic,63.7259700200267,887.5165583405403
747,72,Female,71,Basic,50.81952604260265,56.724734680405206
748,26,Female,33,Premium,75.5701827503181,961.802453445629
749,20,Male,24,Standard,126.17349314675444,682.3709426363672
750,48,Male,61,Basic,77.05122922854872,635.0622178669429
751,57,Female,61,Standard,120.09235790532668,277.85366392311147
752,53,Female,28,Standard,45.05835561589808,256.3038708517853
753,41,Male,58,Premium,122.7325703598095,942.6376372937095
754,23,Male,43,Standard,58.43199898879784,305.28972969178153
755,83,Female,41,Premium,111.28717558666473,777.7502437518094
756,21,Female,39,Basic,97.89378658091957,399.1905802250084
757,23,Female,49,Standard,141.49736606540247,147.86153007685692
758,68,Female,17,Basic,76.47870215703767,20.60814471840536
759,79,Male,70,Standard,37.939822660132855,548.8147636450983
760,74,Female,70,Basic,32.29865826615035,976.0210303634433
761,83,Female,65,Standard,129.2230273167304,375.44483187111246
762,25,Male,5,Standard,92.96827651937187,363.6204106531144
763,43,Female,2,Standard,123.02928622019391,350.6507016709477
764,68,Male,22,Standard,58.13107200138177,525.3383989318098
765,62,Female,57,Standard,71.41004946158805,446.2582345900506
766,61,Female,66,Standard,33.612464665358274,881.1154804597444
767,22,Male,16,Standard,145.37907894889346,510.4655838062554
768,87,Male,51,Standard,110.14414880409761,512.6802598066831
769,43,Female,39,Standard,141.98461053111674,146.98787877335104
770,85,Female,40,Basic,61.85956889148868,982.9121455012821
771,36,Female,38,Premium,103.3756333470793,257.4731619601414
772,37,Male,60,Standard,111.41999619511654,82.63042678500663
773,29,Female,59,Premium,68.10596403091061,666.5147864854567
774,64,Male,10,Standard,131.7731082018756,599.4127064553039
775,18,Male,64,Standard,143.65937554802974,420.99419745281824
776,31,Female,63,Basic,136.18261412352052,427.9703115418713
777,81,Male,49,Basic,118.6880371127247,787.2132818359669
778,55,Female,64,Premium,63.295761566994486,203.75551369865258
779,54,Female,32,Basic,63.79392505267581,822.0507857554409
780,28,Female,7,Basic,145.60323845352457,652.2596427560679
781,20,Female,21,Premium,31.234139512283043,424.78007604172916
782,50,Female,20,Basic,115.92599678905734,463.4483304180299
783,23,Male,26,Standard,114.74953950663146,264.0807351142348
784,67,Male,68,Premium,104.72274491397569,754.593189370005
785,27,Female,15,Premium,148.8130615304239,517.7459948822151
786,22,Female,14,Standard,67.42553229164703,327.6459973223452
787,40,Male,27,Basic,70.79662365518979,600.0896146033407
788,27,Male,40,Premium,39.47272835358667,995.7771075308099
789,61,Male,58,Premium,83.13577638524849,440.9096568599883
790,19,Male,28,Standard,61.32582314818177,921.4844867708333
791,30,Female,26,Standard,71.2064042613173,351.56667152532043
792,57,Female,63,Basic,130.1486148306753,64.18537985573602
793,19,Male,66,Premium,142.25814162329948,212.19968530474458
794,82,Female,25,Basic,52.287968640622275,424.5081918944074
795,80,Male,3,Basic,74.7010717864159,227.43857930862333
796,34,Female,44,Standard,141.4356674538473,10.224767836072981
797,26,Male,42,Premium,37.417015282706714,915.851522370052
798,32,Female,6,Premium,41.083263373365426,845.4406171186197
799,41,Male,39,Premium,49.534918704747525,744.8693091720777
800,55,Male,52,Standard,101.42554009522497,176.13644968956834
801,52,Female,23,Standard,48.0566725207197,129.15994044788619
802,66,Male,50,Standard,146.16916577408801,76.92870197765932
803,86,Female,43,Standard,83.60574327102245,726.788896885192
804,79,Female,19,Standard,90.18215524201997,929.5198810810065
805,77,Male,69,Premium,59.59903389664878,436.2304627039066
806,67,Female,51,Basic,86.51523029216801,127.94926527608769
807,26,Female,11,Premium,109.42963591644138,517.2688925247855
808,51,Female,12,Basic,120.14125643448513,355.3435883840438
809,52,Female,8,Standard,120.46416992518957,381.0766751064977
810,18,Female,24,Basic,99.3469335232906,625.1173179141502
811,57,Male,41,Premium,138.52317299926287,721.5309321295804
812,81,Female,36,Premium,128.08894167673313,119.49756288442924
813,39,Female,55,Basic,120.84577376383506,45.23432849841162
814,77,Female,9,Standard,36.672662601655276,994.3869996588577
815,81,Female,47,Standard,30.82535546635792,240.40106542639631
816,89,Female,15,Premium,55.493673263456756,63.29221965937449
817,28,Male,48,Basic,109.62283126961427,197.9765758049608
818,31,Female,42,Standard,79.34369866590549,48.568267884979576
819,77,Male,60,Standard,78.2887511159174,397.89278567099996
820,47,Male,70,Premium,136.15042658755365,804.3777666068111
821,52,Male,12,Standard,137.46754177582065,347.83200526014343
822,54,Male,2,Basic,139.1010316864303,449.74157280958286
823,22,Female,7,Premium,67.66536918180327,678.8309058317644
824,43,Male,3,Premium,112.92669752871141,513.8051293691814
825,79,Male,3,Basic,62.59598175292436,862.831229161111
826,21,Female,27,Premium,52.873179968933975,867.3753182952989
827,59,Female,40,Standard,52.155894881684304,19.811588536242105
828,35,Female,33,Standard,71.05291450363129,780.2658434183671
829,57,Male,1,Basic,81.5949143735786,466.1262642392571
830,89,Female,8,Standard,129.7139005266082,988.9521358906264
831,56,Female,32,Basic,44.38693121672545,488.3997551166808
832,31,Male,48,Basic,118.1911016873873,987.0269859344145
833,49,Female,4,Standard,93.77458970271664,757.0236675936792
834,68,Female,70,Basic,64.5534411211191,256.11883576717327
835,55,Female,19,Standard,89.13835014393895,543.0110294940881
836,40,Female,32,Premium,65.99304837324271,992.2142830837969
837,80,Male,9,Premium,101.52983462859672,858.9553016744045
838,32,Female,12,Basic,82.0612707426293,106.3932248533089
839,42,Female,11,Standard,49.72866348946545,709.3082768418961
840,34,Male,46,Standard,43.989968946683604,352.1237900121049
841,83,Female,16,Premium,95.60348184865562,16.912439261544634
842,70,Male,1,Premium,138.2895639943324,409.4461593367296
843,68,Female,63,Standard,71.27492238692227,242.4068775077216
844,56,Male,21,Basic,117.96001286671479,820.6805778152668
845,68,Male,30,Premium,109.03936259277204,343.95730275730784
846,87,Male,13,Basic,141.7865897171377,829.2484570142789
847,23,Male,34,Basic,128.5177220758969,10.591959446447355
848,84,Female,4,Premium,97.99263106865556,314.74095852585793
849,24,Male,28,Basic,108.84365978809288,248.75356216468433
850,68,Female,59,Basic,137.80637599008418,241.23168745792486
851,89,Male,27,Standard,77.94225415043218,77.50475356780807
852,59,Male,69,Basic,69.21536470293329,195.25302770639672
853,81,Male,25,Standard,31.29733003622356,559.9940741867637
854,32,Female,3,Premium,129.18612890297572,298.44746210936705
855,46,Male,68,Premium,126.11768404840379,423.2208345058565
856,50,Female,25,Standard,42.53454217201816,383.0982115437166
857,44,Female,20,Premium,99.22288573592402,877.1458757498956
858,53,Female,34,Basic,85.6778037800265,906.2460090204103
859,46,Female,26,Basic,44.245091461093374,498.02740193930146
860,55,Female,5,Basic,147.66818724728682,336.85439081244834
861,74,Female,61,Premium,55.763506495602655,115.73269696234
862,44,Female,9,Basic,38.06810161086734,953.8688505882741
863,72,Female,50,Premium,101.38168554022914,69.62467545129448
864,50,Female,6,Basic,118.66400125596392,304.6737747925976
865,85,Male,60,Standard,33.89321352566243,305.08553915830413
866,83,Male,44,Premium,109.04611664724266,327.19727327881276
867,27,Male,11,Premium,93.87502511417453,172.64397483968517
868,22,Male,66,Basic,42.39180106500581,785.3298166144602
869,55,Male,47,Premium,50.70286523356344,131.2728833463293
870,30,Female,3,Premium,98.15691567792966,638.5575925616312
871,48,Female,30,Standard,65.5629136215946,132.60756643875928
872,64,Female,21,Standard,142.59788743815793,79.830281217027
873,69,Female,28,Basic,128.2488275380861,910.3352086490178
874,73,Female,62,Standard,148.02806478163956,198.2274786555186
875,32,Female,33,Basic,61.16050067404968,823.0376530141073
876,46,Female,35,Basic,146.36683593575725,549.1845623960645
877,25,Male,52,Basic,81.74806437498694,87.0779544126819
878,22,Male,34,Premium,71.70225543765056,955.8937095236868
879,46,Male,41,Standard,36.04194323632239,254.4915553219736
880,64,Male,51,Basic,36.33183094315231,861.0488918990804
881,85,Female,47,Standard,113.04135071359856,177.12190572671852
882,62,Female,58,Basic,84.95147933208335,855.4034533204343
883,19,Female,57,Standard,57.182595124332686,23.096524776241047
884,44,Male,23,Standard,103.67643675902792,516.6626520037859
885,53,Female,48,Basic,60.34297419001334,771.7481536273413
886,53,Female,22,Premium,99.31581052133072,935.4475623178555
887,43,Female,17,Standard,73.10504963792283,910.1101148444221
888,60,Male,69,Premium,128.8262671934183,821.4286208521685
889,44,Female,11,Premium,128.48353929201352,889.3094361646911
890,86,Male,15,Basic,87.28204777468815,207.22748897870574
891,37,Male,35,Basic,72.09829312020187,291.3424527546115
892,28,Male,33,Basic,73.50717558709135,296.0788396718479
893,55,Male,16,Standard,126.68574308018614,383.28339169168186
894,23,Female,34,Basic,69.38153793571344,399.3874636813368
895,89,Male,66,Basic,55.087124844821524,549.1097714081287
896,40,Male,40,Standard,40.16260102503682,168.28096573277696
897,64,Female,28,Standard,86.003174506129,694.3341971481294
898,63,Female,47,Basic,87.85585187038103,175.89087391146143
899,29,Male,39,Basic,130.90904524834886,317.20539728350207
900,30,Female,70,Basic,56.54864357352768,508.3116793000925
901,79,Male,20,Basic,75.71895284020799,798.4761559082425
902,77,Male,1,Premium,127.00868866724291,742.07454090634
903,60,Male,63,Premium,128.83483328987683,649.0790128464171
904,85,Male,67,Basic,76.15332911745219,164.21552797436846
905,22,Female,4,Premium,85.09488279440171,551.5748921594219
906,54,Male,58,Standard,66.39430690191395,96.5720367818866
907,89,Female,25,Premium,141.90658541031746,383.58954502868426
908,48,Female,47,Premium,44.23725188898963,419.38136498705956
909,26,Female,38,Basic,142.0499307601764,49.41332505129629
910,68,Female,15,Premium,112.06397422024119,281.2482184752721
911,46,Male,63,Premium,93.78865832240774,956.0929725938245
912,57,Female,21,Premium,33.9190872941395,954.0962817513926
913,58,Male,57,Premium,87.071543018641,358.8037837100139
914,28,Female,53,Standard,78.92977260032788,52.66910785884082
915,40,Female,46,Basic,49.34625743701471,187.30398993489973
916,18,Male,14,Basic,108.76915242007883,398.2956154992047
917,63,Male,17,Standard,146.5381088841943,948.3019009895374
918,38,Male,39,Premium,97.46265732774302,149.78707290181308
919,53,Female,9,Standard,115.7703931732735,765.8806852315302
920,71,Female,6,Premium,38.21405430792201,117.59571398094516
921,74,Male,23,Standard,80.12003949803938,981.445001617364
922,18,Male,59,Basic,43.9630182197395,387.8003341180436
923,80,Male,46,Basic,103.53550026438126,777.4821935100655
924,71,Male,38,Basic,142.61785898569855,349.1651719830205
925,72,Female,14,Premium,109.41332789659663,631.3921883872206
926,57,Male,62,Premium,39.21636579773058,200.09592389263636
927,32,Male,35,Standard,72.55994459820994,154.5608091039929
928,38,Male,19,Standard,96.07960553290218,938.68349817245
929,64,Male,30,Basic,78.38493073599027,918.4708051253891
930,70,Female,25,Premium,130.03728125702068,888.5942508107536
931,26,Male,40,Standard,127.7605205651987,629.1791156649275
932,69,Female,14,Premium,103.41972241238658,810.1855291041154
933,74,Male,26,Premium,74.81495341592463,78.34656754226117
934,43,Male,22,Basic,60.6403648515893,341.44115147177234
935,58,Female,48,Basic,42.70491818557552,320.5660935095847
936,52,Male,51,Premium,72.58772201838649,639.2888687330872
937,80,Female,3,Premium,79.58070206492634,362.3981957359341
938,42,Female,42,Premium,111.09875101248883,157.02171382724399
939,55,Male,19,Premium,108.97917891570881,600.5024046594083
940,19,Female,28,Basic,38.41297675695083,816.2400814623907
941,24,Female,45,Standard,77.43111785173893,388.30225951537346
942,51,Female,71,Basic,51.81346406608343,140.94602794749687
943,34,Female,63,Standard,48.81752463801668,204.72131533969483
944,60,Female,19,Premium,129.2762579684695,245.10847211769016
945,76,Female,47,Standard,35.0298260059509,306.89861706459084
946,68,Female,14,Basic,80.30194510825456,646.3671198012461
947,71,Female,38,Basic,50.18443869198218,604.9360296923418
948,41,Male,53,Premium,135.51962588141689,699.1190629513687
949,42,Male,61,Basic,96.84486159300421,368.87696468619805
950,88,Female,36,Premium,57.765676365221765,825.7576753611785
951,69,Male,40,Basic,90.29127445996517,212.04678454420267
952,87,Female,30,Basic,117.7783631643739,474.3503400429724
953,50,Female,9,Premium,144.97416107033206,802.929334326016
954,66,Male,64,Standard,56.45352050945027,188.35706125529305
955,46,Female,33,Basic,136.3418126555214,118.76448260337511
956,80,Female,52,Standard,142.11649370009883,884.8471280111098
957,39,Female,14,Basic,139.97046534384793,349.5003661316039
958,43,Female,53,Basic,106.24972282342918,687.0314236599417
959,45,Male,59,Basic,105.57847853216492,35.095118221299096
960,66,Female,41,Basic,78.38527598205873,693.1464195253551
961,88,Female,68,Standard,120.28774587645455,322.9402984315008
962,66,Female,68,Standard,93.75528220211183,65.18344505156733
963,37,Male,8,Basic,111.29256854739533,613.7146339326358
964,80,Female,2,Basic,81.41494846185546,248.3957779124415
965,78,Male,41,Standard,117.77957568517668,392.9391696313612
966,66,Male,55,Premium,128.9365821125459,89.77500416364846
967,88,Female,16,Premium,47.572350792337936,155.69161858399588
968,18,Female,62,Standard,129.95156586890738,304.9974631408853
969,30,Male,48,Basic,94.83558381483687,98.86190555455556
970,68,Female,30,Basic,131.35990909082693,911.718002039452
971,73,Male,12,Premium,81.75620476092175,15.986572752138635
972,79,Male,35,Premium,75.4848582459642,489.02161667566827
973,49,Female,11,Standard,139.8072879020667,132.01498355122595
974,47,Female,64,Premium,60.14031210580816,314.60229858316904
975,46,Male,50,Standard,131.30547903433717,926.7989642200828
976,66,Male,21,Premium,88.08246870112849,170.077607741247
977,62,Male,69,Premium,91.69145310615116,966.1739965211493
978,47,Male,48,Premium,67.01619377873809,213.7364332195275
979,33,Female,20,Basic,98.76506407428188,744.1504473821612
980,57,Female,67,Basic,69.02534355314535,551.2104922483386
981,36,Female,44,Basic,34.712329708998276,885.6339403207916
982,35,Female,33,Premium,62.63983264132273,558.4533229480996
983,18,Female,61,Standard,30.76548520879088,539.2136269647456
984,64,Male,9,Standard,147.4025744468228,203.50342036471588
985,83,Female,68,Standard,145.88966517836968,174.56706843114213
986,55,Female,35,Standard,77.4186356966766,917.3242596043591
987,68,Female,65,Basic,117.40450252075752,334.5598168615337
988,80,Female,8,Basic,71.496731809251,378.361432413267
989,21,Female,45,Premium,110.53117885031713,762.2254218441045
990,18,Male,47,Premium,126.6516051655175,345.4352475985793
991,25,Male,40,Standard,143.6107493630689,952.5418221726127
992,46,Male,54,Basic,78.02547310196064,740.5484913088123
993,72,Female,46,Standard,123.99575795472572,601.4549501476858
994,20,Male,47,Premium,61.91141407585425,882.0862089393049
995,49,Male,15,Premium,148.8398764552378,59.109849265987926
996,27,Female,19,Standard,33.092351851722135,264.49206526731666
997,51,Female,26,Premium,102.42345678013452,470.38597087870085
998,72,Female,52,Standard,109.14071779815926,234.7087540768058
999,49,Male,22,Basic,112.56546684889545,746.4661354291304
1000,67,Male,21,Standard,44.446509454690684,920.0159507431879
